Created Date,Registered,Source
2023-07-12,False,Booked
2024-07-15,True,Booked
2024-07-25,True,Booked
2024-08-06,False,Booked
2024-08-06,False,Booked
2024-08-14,True,Booked
2024-08-27,False,Booked
2024-09-18,True,Booked
2024-09-19,True,Booked
2024-09-20,False,Booked
2024-10-17,True,Booked
2024-10-18,True,Booked
2024-10-22,True,Booked
2024-10-29,False,Booked
2024-10-30,False,Booked
2024-11-04,True,Booked
2024-11-04,True,Booked
2024-11-05,False,Booked
2024-12-02,True,Booked
2024-12-03,True,Booked
2024-12-05,True,Booked
2024-12-12,False,Booked
2024-12-28,True,Booked
2025-01-16,False,Booked
2025-01-16,False,Booked
2025-01-17,False,Booked
2025-01-23,True,Booked
2025-01-30,True,Booked
2025-02-03,True,Booked
2025-02-03,True,Booked
2025-02-13,False,Booked
2025-02-13,True,Booked
2025-02-13,True,Booked
2025-02-18,True,Booked
2025-02-18,True,Booked
2025-02-20,False,Booked
2025-02-24,True,Booked
2025-03-07,False,Booked
2025-03-10,True,Booked
2025-03-14,True,Booked
2025-03-18,True,Booked
2025-03-18,False,Booked
2025-03-19,True,Booked
2025-03-26,False,Booked
2025-03-26,False,Booked
2025-03-26,False,Booked
2025-04-01,True,Booked
2025-04-01,False,Booked
2025-04-02,False,Booked
2025-04-02,False,Booked
2025-04-02,False,Booked
2025-04-02,False,Booked
2025-04-02,False,Booked
2025-04-02,False,Booked
2025-04-02,False,Booked
2025-04-07,False,Booked
2025-04-11,False,Booked
2025-04-11,False,Booked
2025-04-14,False,Booked
2025-04-14,False,Booked
2025-04-15,True,Booked
2025-04-15,False,Booked
2025-04-21,False,Booked
2025-04-23,True,Booked
2025-04-28,False,Booked
2025-05-30,True,Booked
2025-06-02,True,Booked
2025-06-11,False,Booked
2025-06-12,True,Booked
2025-06-24,False,Booked
2025-07-02,False,Booked
2025-07-02,False,Booked
2025-07-02,False,Booked
2025-07-02,False,Booked
2025-07-02,False,Booked
2025-07-04,False,Booked
2025-07-28,False,Booked
2024-11-15,True,Booked
2025-07-02,False,Booked
2023-06-29,False,Pipeline
2023-05-23,False,Pipeline
2023-10-25,False,Pipeline
2023-11-16,False,Pipeline
2023-11-20,True,Pipeline
2023-11-30,False,Pipeline
2023-09-28,False,Pipeline
2023-10-03,False,Pipeline
2024-05-13,False,Pipeline
2024-05-16,True,Pipeline
2024-06-20,True,Pipeline
2024-07-11,True,Pipeline
2024-07-15,False,Pipeline
2024-08-02,False,Pipeline
2024-08-15,False,Pipeline
2024-08-20,True,Pipeline
2024-08-22,False,Pipeline
2024-03-29,False,Pipeline
2024-04-17,False,Pipeline
2024-10-02,True,Pipeline
2024-10-02,True,Pipeline
2024-10-09,True,Pipeline
2024-10-21,False,Pipeline
2024-10-21,False,Pipeline
2024-10-25,False,Pipeline
2024-10-28,True,Pipeline
2024-10-29,True,Pipeline
2024-10-29,False,Pipeline
2024-10-31,True,Pipeline
2024-11-18,False,Pipeline
2024-11-20,False,Pipeline
2024-11-20,True,Pipeline
2024-12-06,True,Pipeline
2024-12-06,False,Pipeline
2024-12-09,True,Pipeline
2024-12-10,False,Pipeline
2024-12-13,True,Pipeline
2024-12-14,True,Pipeline
2024-12-17,True,Pipeline
2025-01-06,True,Pipeline
2025-01-07,True,Pipeline
2025-01-08,False,Pipeline
2025-01-08,False,Pipeline
2025-01-14,True,Pipeline
2025-01-22,True,Pipeline
2025-01-23,False,Pipeline
2025-01-23,True,Pipeline
2025-01-30,True,Pipeline
2025-02-04,True,Pipeline
2025-02-06,True,Pipeline
2025-02-10,True,Pipeline
2025-02-11,True,Pipeline
2025-02-13,True,Pipeline
2025-02-21,True,Pipeline
2025-02-24,False,Pipeline
2025-02-24,False,Pipeline
2025-02-26,True,Pipeline
2025-02-27,False,Pipeline
2025-02-28,False,Pipeline
2025-02-28,True,Pipeline
2025-03-03,True,Pipeline
2025-03-07,True,Pipeline
2025-03-07,True,Pipeline
2025-03-10,True,Pipeline
2025-03-10,True,Pipeline
2025-03-11,False,Pipeline
2025-03-11,True,Pipeline
2025-03-12,True,Pipeline
2025-03-13,True,Pipeline
2025-03-13,True,Pipeline
2025-03-13,True,Pipeline
2025-03-14,True,Pipeline
2025-03-17,True,Pipeline
2025-03-25,True,Pipeline
2025-03-26,False,Pipeline
2025-03-26,False,Pipeline
2025-03-27,True,Pipeline
2025-03-28,False,Pipeline
2025-04-01,True,Pipeline
2025-04-01,False,Pipeline
2025-04-07,True,Pipeline
2025-04-08,False,Pipeline
2025-04-09,False,Pipeline
2025-04-14,True,Pipeline
2025-04-15,True,Pipeline
2025-04-17,True,Pipeline
2025-04-18,True,Pipeline
2025-04-21,True,Pipeline
2025-04-21,False,Pipeline
2025-04-21,False,Pipeline
2025-04-22,False,Pipeline
2025-04-25,True,Pipeline
2025-05-01,True,Pipeline
2025-05-05,True,Pipeline
2025-05-06,True,Pipeline
2025-05-08,True,Pipeline
2025-05-09,True,Pipeline
2025-05-14,True,Pipeline
2025-05-14,True,Pipeline
2025-05-16,False,Pipeline
2025-05-22,True,Pipeline
2025-05-23,False,Pipeline
2025-05-23,False,Pipeline
2025-05-27,False,Pipeline
2025-05-29,False,Pipeline
2025-06-04,True,Pipeline
2025-06-05,True,Pipeline
2025-06-06,True,Pipeline
2025-06-06,True,Pipeline
2025-06-07,True,Pipeline
2025-06-13,True,Pipeline
2025-06-16,True,Pipeline
2025-06-16,True,Pipeline
2025-06-27,True,Pipeline
2025-06-30,False,Pipeline
2025-06-30,False,Pipeline
2025-07-02,False,Pipeline
2025-07-03,True,Pipeline
2025-07-11,True,Pipeline
2025-07-11,True,Pipeline
2025-07-14,False,Pipeline
2025-07-14,False,Pipeline
2025-07-15,True,Pipeline
2025-07-16,True,Pipeline
2025-07-17,False,Pipeline
2025-07-22,True,Pipeline
2025-07-24,True,Pipeline
2023-11-09,True,Pipeline
2024-05-30,True,Pipeline
2024-10-01,True,Pipeline
2024-11-06,True,Pipeline
2025-06-18,False,Pipeline
